,title,genres,id,popularity,rating,keywords,actors,director
0,The Shawshank Redemption,"['Drama', 'Crime']",278,51.645403,8.357340764331209,"['prison', 'corruption', 'police brutality', 'prison cell', 'delinquent', 'parole board', 'escape from prison', 'wrongful imprisonment', 'framed for murder', '1940s']","['timrobbins', 'morganfreeman', 'bobgunton', 'clancybrown', 'markrolston', 'jameswhitmore']",['frankdarabont']
1,The Godfather,"['Drama', 'Crime']",238,41.109264,8.305781975843916,"['italy', 'love at first sight', 'loss of father', 'patriarch', 'organized crime', 'mafia', 'lawyer', 'italian american', 'crime family', 'rise to power', 'mob boss', '1940s']","['marlonbrando', 'alpacino', 'jamescaan', 'richards.castellano', 'robertduvall', 'sterlinghayden']",['francisfordcoppola']
2,The Dark Knight,"['Drama', 'Action', 'Crime', 'Thriller']",155,123.167259,8.208095725419193,"['dc comics', 'crime fighter', 'secret identity', 'scarecrow', 'sadism', 'chaos', 'gotham city', 'vigilante', 'joker', 'superhero', 'based on comic', 'tragic hero', 'organized crime', 'criminal mastermind', 'district attorney', 'imax', 'super villain', 'super powers', 'batman']","['christianbale', 'michaelcaine', 'heathledger', 'aaroneckhart', 'garyoldman', 'maggiegyllenhaal']",['christophernolan']
3,Fight Club,['Drama'],550,63.869599,8.184547072784811,"['support group', 'dual identity', 'nihilism', 'rage and hate', 'insomnia', 'dystopia', 'violence']","['edwardnorton', 'bradpitt', 'meatloaf', 'jaredleto', 'helenabonhamcarter', 'zachgrenier']",['davidfincher']
4,Pulp Fiction,"['Thriller', 'Crime']",680,140.95023600000002,8.171764059753954,"['transporter', 'brothel', 'drug dealer', 'boxer', 'massage', 'stolen money', 'crime boss', 'dance contest', 'junkyard', 'kamikaze', 'ambiguous ending', 'briefcase', 'redemption', 'heirloom', 'pulp fiction', 'reference to al green', 'theft', 'brutality']","['johntravolta', 'samuell.jackson', 'umathurman', 'brucewillis', 'vingrhames', 'harveykeitel']",['quentintarantino']
5,Forrest Gump,"['Comedy', 'Drama', 'Romance']",13,48.307194,8.069005943363244,"['vietnam veteran', 'hippie', 'mentally disabled', 'running', 'based on novel', 'vietnam', 'vietnam war', 'friendship', 'love', 'family relationships', 'bully', 'mother son relationship', 'military', 'hugging', 'shrimping', 'wounded soldier', 'flashback', 'park bench', 'amputee']","['tomhanks', 'robinwright', 'garysinise', 'mykeltiwilliamson', 'sallyfield', 'michaelconnerhumphreys']",['robertzemeckis']
6,Schindler's List,"['Drama', 'History', 'War']",424,41.725122999999996,8.060275154004108,"['factory', 'concentration camp', 'hero', 'holocaust', 'world war ii', 'nazis', 'defense industry', 'biography', 'the holocaust']","['liamneeson', 'benkingsley', 'ralphfiennes', 'carolinegoodall', 'jonathansagall', 'embethdavidtz']",['stevenspielberg']
7,Whiplash,['Drama'],244786,64.29999000000001,8.057284823284824,"['jazz', 'obsession', 'conservatory', 'music teacher', 'new york city', 'violence', 'montage', 'drummer', 'public humiliation', 'jazz band', 'young adult', 'music school']","['milesteller', 'j.k.simmons', 'melissabenoist', 'austinstowell', 'jaysonblair', 'kavitapatil']",['damienchazelle']
8,Spirited Away,"['Fantasy', 'Adventure', 'Animation', 'Family']",129,41.048867,8.034788732394366,"['witch', 'parent child relationship', 'magic', 'darkness', 'bath house', 'ghost world', 'parallel world', 'amusement park', 'youkai', 'japanese mythology', 'anime', 'spirits']","['rumihiiragi', 'miyuirino', 'marinatsuki', 'buntasugawara', 'yumitamai', 'ryunosukekamiki']",['hayaomiyazaki']
9,Inception,"['Action', 'Thriller', 'Science Fiction', 'Mystery', 'Adventure']",27205,29.108148999999997,8.025517954373148,"['loss of lover', 'dream', 'kidnapping', 'sleep', 'subconsciousness', 'heist', 'redemption', 'female hero']","['leonardodicaprio', 'josephgordon-levitt', 'ellenpage', 'tomhardy', 'kenwatanabe', 'cillianmurphy']",['christophernolan']
10,The Empire Strikes Back,"['Adventure', 'Action', 'Science Fiction']",1891,19.470959,8.025239427860697,"['rebel', 'android', 'asteroid', 'space battle', 'snow storm', 'space colony', 'spaceship', 'lightsaber', 'jedi', 'good vs evil', 'rebellion', 'the force', 'space opera', 'stormtrooper', 'wookie', 'jedi master', 'jedi training', 'droid']","['markhamill', 'harrisonford', 'carriefisher', 'billydeewilliams', 'anthonydaniels', 'davidprowse']",['irvinkershner']
11,Life Is Beautiful,"['Comedy', 'Drama']",637,39.39497,8.01364728967378,"['italy', 'riddle', 'bookshop', 'self sacrifice', 'mass murder', 'concentration camp', 'bicycle accident', 'fascism', 'loss of father', 'world war ii', ""love of one's life"", 'deportation', 'jew persecution', 'fantasy', 'nazis', 'national socialism', 'charade', 'riding a bicycle', 'price', 'story teller', 'concentration camp prisoner', 'dying and death', 'peekaboo']","['nicolettabraschi', 'robertobenigni', 'giorgiocantarini', 'giustinodurano', 'amerigofontani', 'sergiobinibustric']",['robertobenigni']
12,The Intouchables,"['Drama', 'Comedy']",77338,16.086919,8.007655715263517,"['male friendship', 'masseuse', 'friendship', 'aristocrat', 'interracial friendship', 'unlikely friendship', 'duringcreditsstinger']","['françoiscluzet', 'omarsy', 'audreyfleurot', 'anneleny', 'clotildemollet', 'albagaïakraghedebellugi']",['erictoledano']
13,Interstellar,"['Adventure', 'Drama', 'Science Fiction']",157336,32.213481,8.007008002753635,"['saving the world', 'artificial intelligence', 'father son relationship', 'single parent', 'nasa', 'expedition', 'wormhole', 'space travel', 'famine', 'black hole', 'dystopia', 'race against time', 'quantum mechanics', 'spaceship', 'space', 'rescue', 'family relationships', 'farmhouse', 'robot', 'astronaut', 'scientist', 'father daughter relationship', 'single father', 'farmer', 'space station', 'imax', 'astrophysics', 'zero gravity', 'courage', 'time paradox', 'relativity']","['matthewmcconaughey', 'jessicachastain', 'annehathaway', 'michaelcaine', 'caseyaffleck', 'mackenziefoy']",['christophernolan']
14,The Godfather: Part II,"['Drama', 'Crime']",240,36.629307,7.996921079958463,"['italo-american', 'cuba', 'vororte', 'melancholy', 'praise', 'revenge', 'mafia', 'lawyer', 'blood', 'corrupt politician', 'bloody body of child', 'man punches woman']","['alpacino', 'robertduvall', 'dianekeaton', 'robertdeniro', 'johncazale', 'taliashire']",['francisfordcoppola']
15,The Lord of the Rings: The Return of the King,"['Adventure', 'Fantasy', 'Action']",122,29.324358,7.9752124711316394,"['elves', 'orcs', 'middle-earth (tolkien)', 'based on novel', 'suspicion', 'bravery', 'war', 'honor', 'troll', 'brutality', 'violence', 'ghost', 'end of trilogy', 'quest', 'sword and sorcery']","['elijahwood', 'ianmckellen', 'viggomortensen', 'livtyler', 'orlandobloom', 'johnrhys-davies']",['peterjackson']
16,Leon: The Professional,"['Thriller', 'Crime', 'Drama']",101,20.477329,7.962204357943727,"['new york', 'corruption', 'assassin', 'police brutality', 'loss of family', 's.w.a.t.', 'immigrant', 'hitman', 'training', 'revenge', 'murder', 'loneliness', 'neighbor', 'tragic love', 'cult film', 'neo-noir', 'complex relationship', 'complex characters']","['jeanreno', 'natalieportman', 'garyoldman', 'dannyaiello', 'peterappel', 'michaelbadalucco']",['lucbesson']
17,One Flew Over the Cuckoo's Nest,['Drama'],510,35.529554,7.960128093158662,"['individual', 'rebel', 'self-destruction', 'wheelchair', 'lunatic asylum', 'dying and death', 'rage and hate', 'freedom', 'insanity', 'basic rights and human rights', 'psychiatrist']","['jacknicholson', 'louisefletcher', 'dannydevito', 'williamredfield', 'scatmancrothers', 'braddourif']",['milošforman']
18,The Green Mile,"['Fantasy', 'Drama', 'Crime']",497,19.96678,7.955639130434782,"['southern usa', 'black people', 'mentally disabled', 'based on novel', 'heal', 'death row', 'jail guard', 'great depression', 'prison guard', 'electric chair', 'magic realism', 'healing', 'death row inmate', '1930s']","['tomhanks', 'michaelclarkeduncan', 'davidmorse', 'bonniehunt', 'jamescromwell', 'patriciaclarkson']",['frankdarabont']
19,Star Wars,"['Adventure', 'Action', 'Science Fiction']",11,42.149696999999996,7.950158069883527,"['android', 'galaxy', 'hermit', 'death star', 'lightsaber', 'jedi', 'rescue mission', 'empire', 'rebellion', 'planet', 'smuggler', 'the force', 'space opera', 'galactic war', 'stormtrooper', 'totalitarianism']","['markhamill', 'harrisonford', 'carriefisher', 'petercushing', 'alecguinness', 'anthonydaniels']",['georgelucas']
20,Se7en,"['Crime', 'Mystery', 'Thriller']",807,18.45743,7.929790518191841,"['self-fulfilling prophecy', 'detective', 's.w.a.t.', 'drug dealer', 'evisceration', 'lust and impulsiveness', 'rage and hate', 'pride and vanity', 'immoderateness', 'insomnia', 'investigation', 'pension', 'police', 'serial killer']","['bradpitt', 'morganfreeman', 'gwynethpaltrow', 'johnc.mcginley', 'kevinspacey', 'r.leeermey']",['davidfincher']
21,GoodFellas,"['Drama', 'Crime']",769,15.424092000000002,7.891615912208504,"['prison', 'based on novel', 'florida', '1970s', 'mass murder', 'irish-american', 'drug traffic', 'biography', 'based on true story', 'murder', 'organized crime', 'gore', 'mafia', 'gangster', 'new york city', 'extreme violence', 'violence', 'brooklyn new york city', 'crime epic', 'tampa']","['robertdeniro', 'rayliotta', 'joepesci', 'lorrainebracco', 'paulsorvino', 'franksivero']",['martinscorsese']
22,Psycho,"['Drama', 'Horror', 'Thriller']",539,36.826309,7.888777738640366,"['hotel', 'clerk', 'arizona', 'shower', 'rain', 'motel', 'money', 'secretary', 'corpse', 'murderer', 'theft', 'private detective', 'proto-slasher']","['anthonyperkins', 'veramiles', 'johngavin', 'janetleigh', 'martinbalsam', 'johnmcintire']",['alfredhitchcock']
23,The Lord of the Rings: The Fellowship of the Ring,"['Adventure', 'Fantasy', 'Action']",120,32.070725,7.888777610980056,"['elves', 'dwarves', 'orcs', 'middle-earth (tolkien)', 'hobbit', 'based on novel', 'mountain', 'fireworks', 'castle', 'volcano', 'password', 'death of a friend', 'uncle', 'mirror', 'wizard', 'sword and sorcery']","['elijahwood', 'ianmckellen', 'cateblanchett', 'orlandobloom', 'seanbean', 'viggomortensen']",['peterjackson']
24,American History X,['Drama'],73,18.157166,7.883719752391671,"['usa', 'neo-nazi', 'prison', 'skinhead', 'brother brother relationship', 'rape', 'fascism', 'brother', 'basketball', 'jail', 'school', 'swastika', 'los angeles', 'family', 'hate', 'neo nazism', 'xenophobia', 'interracial friendship', 'nazism', 'prison rape']","['edwardnorton', 'edwardfurlong', ""beverlyd'angelo"", 'averybrooks', 'jenniferlien', 'ethansuplee']",['tonykaye']
25,The Silence of the Lambs,"['Crime', 'Drama', 'Thriller']",274,4.307222,7.8831306441902464,"['based on novel', 'psychopath', 'horror', 'suspense', 'serial killer', 'psychological thriller', 'cannibal', 'fbi agent', 'animal in cast credits', 'cannibalism']","['jodiefoster', 'anthonyhopkins', 'scottglenn', 'tedlevine', 'anthonyheald', 'brookesmith']",['jonathandemme']
26,The Lord of the Rings: The Two Towers,"['Adventure', 'Fantasy', 'Action']",121,29.423537,7.871546749226006,"['elves', 'orcs', 'middle-earth (tolkien)', 'hobbit', 'based on novel', 'explosive', 'cave', 'fort', 'army', 'mission', 'attack', 'guide', 'wizard', 'ring', 'sword and sorcery']","['elijahwood', 'ianmckellen', 'viggomortensen', 'livtyler', 'orlandobloom', 'johnrhys-davies']",['peterjackson']
27,Memento,"['Mystery', 'Thriller']",77,15.450789000000002,7.865176010430247,"['individual', 'insulin', 'tattoo', 'waitress', 'amnesia', 'motel', 'insurance salesman', 'revenge', 'memory loss', 'polaroid', 'flashback', 'neo-noir']","['guypearce', 'carrie-annemoss', 'joepantoliano', 'markboonejunior', 'stephentobolowsky', 'harrietsansomharris']",['christophernolan']
28,The Shining,"['Horror', 'Thriller']",694,19.611589000000002,7.850078630897317,"['hotel', 'isolation', 'hotelier', 'colorado', 'maze', 'bartender', 'ax', 'delusion', 'loneliness', 'caretaker', 'vision', 'snow', 'writer', 'alcoholic', 'snowed in', 'off season']","['jacknicholson', 'shelleyduvall', 'dannylloyd', 'scatmancrothers', 'barrynelson', 'philipstone']",['stanleykubrick']
29,Reservoir Dogs,"['Crime', 'Thriller']",500,12.22034,7.846025851938895,"['traitor', 'jewelry', 'psychopath', 'thief', 'heist', 'betrayal', 'mystery', 'escape', 'gang', 'plan gone wrong', 'warehouse', 'ensemble cast', 'all male cast', 'told in flashback', 'heist gone wrong', 'foreshadowing', 'rendezvous', 'iconic', 'set in one room', 'uneasy alliance', 'rag tag group']","['harveykeitel', 'timroth', 'michaelmadsen', 'chrispenn', 'stevebuscemi', 'lawrencetierney']",['quentintarantino']
30,Back to the Future,"['Adventure', 'Comedy', 'Science Fiction', 'Family']",105,25.778509,7.8445586692642,"['clock tower', 'car race', 'terrorist', 'delorean', 'lightning', 'guitar', 'plutonium', 'sports car', 'inventor', 'journey in the past', 'time travel', 'race against time', 'partner', 'misfit', 'mad scientist', 'fish out of water', 'teenage love', 'destiny', 'hidden identity', 'odd couple', 'escapade', 'disorder', 'chases and races', 'love and romance', 'teenage life', 'misfit partners', 'changing the past or future', 'getting home', 'inventions and discoveries']","['michaelj.fox', 'christopherlloyd', 'leathompson', 'crispinglover', 'thomasf.wilson', 'claudiawells']",['robertzemeckis']
31,The Imitation Game,"['History', 'Drama', 'Thriller', 'War']",205596,31.595940000000002,7.83610996997946,"['gay', 'england', 'world war ii', 'mathematician', 'biography', 'logician', 'cryptography']","['benedictcumberbatch', 'keiraknightley', 'matthewgoode', 'rorykinnear', 'allenleech', 'matthewbeard']",['mortentyldum']
32,The Lion King,"['Family', 'Animation', 'Drama']",8587,21.605760999999998,7.8257877057440375,"['loss of parents', 'wild boar', 'uncle', 'shaman', 'redemption', 'king', 'scar', 'hyena', 'meerkat']","['jonathantaylorthomas', 'matthewbroderick', 'jamesearljones', 'jeremyirons', 'moirakelly', 'niketacalame']",['rogerallers']
33,The Usual Suspects,"['Drama', 'Crime', 'Thriller']",629,16.302466,7.813200636942675,"['law', 'relatives', 'theft', 'criminal', 'criminal mastermind', 'hungarian', 'sibling']","['stephenbaldwin', 'gabrielbyrne', 'chazzpalminteri', 'kevinpollak', 'petepostlethwaite', 'kevinspacey']",['bryansinger']
34,Guardians of the Galaxy,"['Action', 'Science Fiction', 'Adventure']",118340,53.291601,7.804875574272589,"['marvel comic', 'spaceship', 'space', 'outer space', 'orphan', 'adventurer', 'aftercreditsstinger', 'duringcreditsstinger', 'marvel cinematic universe']","['chrispratt', 'zoesaldana', 'davebautista', 'vindiesel', 'bradleycooper', 'leepace']",['jamesgunn']
35,The Grand Budapest Hotel,"['Comedy', 'Drama']",120467,14.442048000000002,7.795734541157936,"['hotel', 'painting', 'wartime', 'gunfight', 'theft', 'mentor protégé relationship', 'european', 'hotel lobby', 'renaissance painting']","['ralphfiennes', 'tonyrevolori', 'f.murrayabraham', 'mathieuamalric', 'adrienbrody', 'willemdafoe']",['wesanderson']
36,The Matrix,"['Action', 'Science Fiction']",603,33.366332,7.795526122148639,"['saving the world', 'artificial intelligence', 'man vs machine', 'philosophy', 'prophecy', 'martial arts', 'self sacrifice', 'fight', 'insurgence', 'virtual reality', 'dystopia', 'truth', 'cyberpunk', 'woman director', 'messiah', 'gnosticism']","['keanureeves', 'laurencefishburne', 'carrie-annemoss', 'hugoweaving', 'gloriafoster', 'joepantoliano']",['lanawachowski']
37,The Prestige,"['Drama', 'Mystery', 'Thriller']",1124,16.94556,7.790198220064725,"['competition', 'secret', 'obsession', 'magic', 'dying and death', 'class society', 'illusion', 'tricks', 'hostility', 'class', 'rivalry']","['hughjackman', 'christianbale', 'michaelcaine', 'scarlettjohansson', 'andyserkis', 'samanthamahurin']",['christophernolan']
38,Room,"['Drama', 'Thriller']",264644,12.443291,7.769724938875306,"['based on novel', 'carpet', 'isolation', 'kidnapping', 'imprisonment', 'grandparents', 'escape', 'hospital', 'dog', 'captive', 'mother son relationship', 'shed', 'skylight']","['brielarson', 'jacobtremblay', 'joanallen', 'seanbridgers', 'williamh.macy', 'tommccamus']",['lennyabrahamson']
39,Dead Poets Society,['Drama'],207,19.905716,7.764391304347826,"['individual', 'philosophy', 'poetry', 'shakespeare', 'professor', 'literature', 'friendship', 'filmes focados em um professor']","['robinwilliams', 'ethanhawke', 'robertseanleonard', 'galehansen', 'joshcharles', 'dylankussman']",['peterweir']
40,The Wolf of Wall Street,"['Crime', 'Drama', 'Comedy']",106646,16.382422000000002,7.76200222160511,"['corruption', 'sex', 'sexuality', 'bank', 'humor', 'biography', 'wall street', 'marriage crisis', 'rise and fall', 'stockbroker', 'drug', 'stock broker']","['leonardodicaprio', 'jonahhill', 'margotrobbie', 'kylechandler', 'robreiner', 'matthewmcconaughey']",['martinscorsese']
41,12 Angry Men,['Drama'],389,16.503959,7.761599063962558,"['judge', 'jurors', 'sultriness', 'death penalty', 'father murder', 'puerto rican', 'anonymity', 'court case', 'heat', 'group', 'class', 'innocence', 'court', 'courtroom']","['henryfonda', 'martinbalsam', 'johnfiedler', 'leej.cobb', 'e.g.marshall', 'jackklugman']",['sidneylumet']
42,Inside Out,"['Drama', 'Comedy', 'Animation', 'Family']",150540,23.985587,7.76140566169293,"['dream', 'cartoon', 'imaginary friend', 'animation', 'family', 'moving', 'kids', 'unicorn', 'duringcreditsstinger', '3d', 'emotions']","['amypoehler', 'phyllissmith', 'richardkind', 'billhader', 'lewisblack', 'mindykaling']",['petedocter']
43,Inglourious Basterds,"['Drama', 'Action', 'Thriller', 'War']",16869,16.89564,7.758666097838454,"['paris', 'guerrilla', 'cinema', 'self sacrifice', 'dynamite', 'mexican standoff', 'world war ii', 'jew persecution', 'jew', 'nazis', 'masochism', 'sadism', 'scalp', 'winston churchill', 'knife in hand', 'anti semitism', 'gore', 'swastika', 'blood bath', 'german occupation of france', 'violence', 'gun violence']","['bradpitt', 'mélanielaurent', 'christophwaltz', 'eliroth', 'michaelfassbender', 'dianekruger']",['quentintarantino']
44,Harry Potter and the Deathly Hallows: Part 2,"['Family', 'Fantasy', 'Adventure']",12445,24.990737,7.748842585551331,"['self sacrifice', 'magic', 'frog', 'sorcerer', 'school', 'wizard', '3d']","['danielradcliffe', 'rupertgrint', 'emmawatson', 'alanrickman', 'maggiesmith', 'helenabonhamcarter']",['davidyates']
45,Taxi Driver,"['Crime', 'Drama']",103,14.092713,7.747534246575342,"['vietnam veteran', 'taxi', 'obsession', 'drug dealer', 'night shift', 'vigilante', 'alienation', 'misanthrope', 'shot to death', 'illegal prostitution', 'loner']","['robertdeniro', 'cybillshepherd', 'harveykeitel', 'jodiefoster', 'peterboyle', 'leonardharris']",['martinscorsese']
46,Howl's Moving Castle,"['Fantasy', 'Animation', 'Adventure']",4935,16.136048000000002,7.747297623842126,"['flying', 'witch', 'rain', 'castle', 'scarecrow', 'body exchange', 'hatter', 'bakery', 'demon', 'anime']","['takuyakimura', 'akihiromiwa', 'tatsuyagashûin', 'mitsunoriisaki', 'yooizumi', 'akioohtsuka']",['hayaomiyazaki']
47,Gone Girl,"['Mystery', 'Thriller', 'Drama']",210577,154.80100900000002,7.746080223013784,"['based on novel', 'marriage crisis', 'disappearance', 'cheating husband', 'missing person', 'search party', 'criminal lawyer', 'wife murder', 'murder suspect', 'missing wife']","['benaffleck', 'rosamundpike', 'carriecoon', 'neilpatrickharris', 'tylerperry', 'kimdickens']",['davidfincher']
48,Princess Mononoke,"['Adventure', 'Fantasy', 'Animation']",128,17.166725,7.745834343434343,"['fight', 'wolf', 'iron', 'pan', 'wild boar', 'territory', 'friendship', 'princess', 'good vs evil', 'rural setting', 'anime']","['yōjimatsuda', 'yurikoishida', 'yūkotanaka', 'kaorukobayashi', 'masahikonishimura', 'tsunehikokamijô']",['hayaomiyazaki']
49,Gladiator,"['Action', 'Drama', 'Adventure']",98,23.186667,7.734356666666667,"['rome', 'gladiator', 'arena', 'senate', 'roman empire', 'emperor', 'slavery', 'battlefield', 'blood', 'ancient world', 'father daughter relationship', 'combat', 'mother son relationship', 'dream sequence', 'chariot', 'philosopher', 'barbarian horde', '2nd century', 'successor']","['russellcrowe', 'joaquinphoenix', 'connienielsen', 'oliverreed', 'richardharris', 'derekjacobi']",['ridleyscott']
50,A Clockwork Orange,"['Science Fiction', 'Drama']",185,17.112594,7.731696844283497,"['prison', 'street gang', 'rape', 'adolescence', 'sexuality', 'beethoven', 'parent child relationship', 'social worker', 'living together', 'society', 'dystopia', 'controversy', 'controversial', 'violence', 'futuristic society']","['malcolmmcdowell', 'patrickmagee', 'adriennecorri', 'michaelbates', 'warrenclarke', 'jamesmarcus']",['stanleykubrick']
51,Saving Private Ryan,"['Drama', 'History', 'War']",857,21.758054,7.721952705123613,"['war crimes', 'self sacrifice', 'war veteran', 'world war ii', 'war ship', 'airplane', 'bravery', 'normandy', 'parachute', 'troops', 'waffen ss', 'omaha beach', 'army', 'cowardice', 'american flag', 'war memorial', 'deserted town', 'military', '1940s']","['tomhanks', 'mattdamon', 'vindiesel', 'tomsizemore', 'barrypepper', 'jeremydavies']",['stevenspielberg']
52,Dilwale Dulhania Le Jayenge,"['Comedy', 'Drama', 'Romance']",19404,34.457024,7.716748858447488,['musical'],"['shahrukhkhan', 'kajol', 'amrishpuri', 'anupamkher', 'satishshah', 'achalasachdev']",['adityachopra']
53,"The Good, the Bad and the Ugly",['Western'],429,16.788787,7.714737967914438,"['bounty hunter', 'refugee', 'gold', 'anti hero', 'gallows', 'hitman', 'army', 'outlaw', 'shootout', 'moral ambiguity', 'spaghetti western']","['eliwallach', 'clinteastwood', 'leevancleef', 'aldogiuffrè', 'luigipistilli', 'radarassimov']",['sergioleone']
54,Django Unchained,"['Drama', 'Western']",68718,19.785025,7.711428571428571,"['bounty hunter', 'hero', 'plantation', 'society', 'friendship', 'friends', 'revenge', 'rivalry', 'rescue', 'shootout', 'racism', 'danger', 'dentist', 'django', 'dual role', 'aftercreditsstinger', 'odd couple', 'black slave', 'deadly', 'chases and races', '19th century']","['jamiefoxx', 'christophwaltz', 'leonardodicaprio', 'kerrywashington', 'samuell.jackson', 'waltongoggins']",['quentintarantino']
55,Return of the Jedi,"['Adventure', 'Action', 'Science Fiction']",1892,14.586087,7.7087627477390805,"['rebel', 'brother sister relationship', 'emperor', 'space battle', 'matter of life and death', 'spaceship', 'death star', 'jabba the hutt', 'ewoks', 'jedi', 'space opera']","['markhamill', 'harrisonford', 'carriefisher', 'billydeewilliams', 'anthonydaniels', 'davidprowse']",['richardmarquand']
56,City of God,"['Drama', 'Crime']",598,14.959270000000002,7.708285214348206,"['male nudity', 'street gang', 'brazilian', 'photographer', '1970s', 'puberty', 'ghetto', 'gang war', 'coming of age', 'woman director', '1980s']","['alexandrerodrigues', 'leandrofirmino', 'phellipehaagensen', 'douglassilva', 'jonathanhaagensen', 'matheusnachtergaele']",['fernandomeirelles']
57,La La Land,"['Comedy', 'Drama', 'Music', 'Romance']",313369,19.681686,7.708098088434061,"['jazz', 'dance', 'passion', 'musical', 'casting', 'los angeles', 'pianist', 'theater', 'movie set', 'actress']","['ryangosling', 'emmastone', 'johnlegend', 'rosemariedewitt', 'j.k.simmons', 'finnwittrock']",['damienchazelle']
58,Alien,"['Horror', 'Action', 'Thriller', 'Science Fiction']",348,23.37742,7.701148459383754,"['android', 'countdown', 'space marine', 'space suit', 'beheading', 'dystopia', 'biology', 'cowardice', 'spaceship', 'space', 'alien', 'female protagonist', 'outer space', 'parasite', 'h. r. giger', 'xenomorph']","['tomskerritt', 'sigourneyweaver', 'veronicacartwright', 'harrydeanstanton', 'johnhurt', 'ianholm']",['ridleyscott']
59,Scarface,"['Action', 'Crime', 'Drama', 'Thriller']",111,11.299673,7.699432048681542,"['miami', 'corruption', 'capitalism', 'cuba', 'prohibition', 'brother sister relationship', 'loss of sister', 'cocaine', 'cult film', 'bitterness']","['alpacino', 'stevenbauer', 'michellepfeiffer', 'maryelizabethmastrantonio', 'robertloggia', 'miriamcolón']",['briandepalma']
60,The Departed,"['Drama', 'Thriller', 'Crime']",1422,18.515448000000003,7.696715074657394,"['undercover', 'boston', 'police', 'friends', 'mafia', 'undercover cop', 'mobster', 'mole', 'state police', 'police training', 'realtor']","['leonardodicaprio', 'mattdamon', 'jacknicholson', 'markwahlberg', 'martinsheen', 'raywinstone']",['martinscorsese']
61,Her,"['Romance', 'Science Fiction', 'Drama']",152601,13.829514999999999,7.6862206926220695,"['artificial intelligence', 'computer', 'love', 'loneliness', 'transhumanism', 'heartbreak', 'near future', 'singularity', 'bittersweet']","['joaquinphoenix', 'scarlettjohansson', 'rooneymara', 'amyadams', 'oliviawilde', 'chrispratt']",['spikejonze']
62,Up,"['Animation', 'Comedy', 'Family', 'Adventure']",14160,19.330884,7.672967121090617,"['age difference', 'central and south america', 'balloon', 'animation', 'floating in the air', 'duringcreditsstinger', 'exploring']","['edasner', 'christopherplummer', 'jordannagai', 'bobpeterson', 'delroylindo', 'jeromeranft']",['petedocter']
63,Blade Runner,"['Science Fiction', 'Drama', 'Thriller']",78,96.272374,7.667082259198501,"['artificial intelligence', 'bounty hunter', 'dystopia', 'genetics', 'fugitive', 'cyberpunk', 'los angeles', 'tech noir', 'neo-noir', 'futurista', 'lluvia']","['harrisonford', 'rutgerhauer', 'seanyoung', 'edwardjamesolmos', 'm.emmetwalsh', 'darylhannah']",['ridleyscott']
64,12 Years a Slave,"['Drama', 'History']",76203,30.316249,7.664543946932008,"['whip', 'kidnapping', 'slavery', 'plantation', 'night shift', 'violin player', 'physical abuse', 'cotton', 'slave owner', '19th century', 'sold into slavery', 'abolitionist']","['chiwetelejiofor', 'michaelfassbender', ""lupitanyong'o"", 'benedictcumberbatch', 'pauldano', 'sarahpaulson']",['stevemcqueen']
65,Shutter Island,"['Drama', 'Thriller', 'Mystery']",11324,15.813629,7.664084084084084,"['based on novel', 'island', 'hurricane', 'investigation', 'psychiatric hospital', 'u.s. marshal', 'conspiracy theory', '1950s']","['leonardodicaprio', 'markruffalo', 'benkingsley', 'emilymortimer', 'michellewilliams', 'maxvonsydow']",['martinscorsese']
66,Eternal Sunshine of the Spotless Mind,"['Science Fiction', 'Drama', 'Romance']",38,12.906327000000001,7.662915076335878,"['deja vu', 'regret', 'jealousy', 'amnesia', 'dream', 'operation', 'relationship problems', 'love', 'memory', 'brainwashing', 'relationship', 'heartbreak', 'nonlinear timeline', 'love story', 'bittersweet']","['jimcarrey', 'katewinslet', 'kirstendunst', 'markruffalo', 'elijahwood', 'tomwilkinson']",['michelgondry']
67,WALL·E,"['Animation', 'Family']",10681,16.088366,7.66171104321257,['romantic comedy'],"['benburtt', 'elissaknight', 'jeffgarlin', 'fredwillard', 'macintalk', 'johnratzenberger']",['andrewstanton']
68,Big Hero 6,"['Adventure', 'Family', 'Animation', 'Action', 'Comedy']",177572,213.84990699999997,7.6586256135653725,"['brother brother relationship', 'hero', 'talent', 'revenge', 'best friend', 'another dimension', 'robot', 'boy genius', 'hate', 'aftercreditsstinger', 'moral dilemma', '3d', 'teen superheroes', 'dead brother']","['scottadsit', 'ryanpotter', 'danielhenney', 't.j.miller', 'jamiechung', 'damonwayansjr.']",['chriswilliams']
69,American Beauty,['Drama'],14,20.726578,7.643321280991736,"['male nudity', 'female nudity', 'adultery', 'parent child relationship', 'midlife crisis', 'coming out', 'first time', 'camcorder', 'virgin', 'nudity', 'film maker', 'estate agent', 'satire', 'loneliness', 'dark comedy', 'suburbia', 'coming of age', 'marijuana', 'exercise', 'bittersweet', 'affair']","['kevinspacey', 'annettebening', 'thorabirch', 'wesbentley', 'menasuvari', 'chriscooper']",['sammendes']
70,Your Name.,"['Romance', 'Animation', 'Drama']",372058,34.461252,7.643265027322404,"['supernatural', 'romance', 'school', 'star crossed lovers', 'anime', 'body switching']","['ryunosukekamiki', 'monekamishiraishi', 'masaminagasawa', 'etsukoichihara', 'ryounarita', 'aoiyuki']",['makotoshinkai']
71,The Pianist,"['Drama', 'War']",423,14.811594,7.642287166454892,"['individual', 'resistance', 'radio station', 'war crimes', 'loss of family', 'child murderer', 'hunger', 'world war ii', 'prisoners of war', 'homeland', 'deportation', 'hiding place', 'ghetto riot', 'jew persecution', 'liberation', 'warsaw ghetto', 'polish resistance', 'nazis', 'biography', 'classical music', 'panzer', 'pianist']","['adrienbrody', 'thomaskretschmann', 'frankfinlay', 'maureenlipman', 'emiliafox', 'edstoppard']",['romanpolanski']
72,Rear Window,"['Drama', 'Mystery', 'Thriller']",567,17.911314,7.627959287531806,"['nurse', 'photographer', 'suspicion of murder', 'girlfriend', 'neighbor', 'salesman', 'apartment', 'convalescence', 'voyeurism', 'homebound']","['jamesstewart', 'gracekelly', 'wendellcorey', 'thelmaritter', 'raymondburr', 'judithevelyn']",['alfredhitchcock']
73,Prisoners,"['Drama', 'Thriller', 'Crime']",146233,11.96262,7.625225324854852,"['pennsylvania', 'kidnapping', 'maze', 'vigilante', 'rural setting', 'candlelight vigil']","['hughjackman', 'jakegyllenhaal', 'pauldano', 'mariabello', 'melissaleo', 'violadavis']",['denisvilleneuve']
74,2001: A Space Odyssey,"['Science Fiction', 'Mystery', 'Adventure']",62,22.494622,7.616768310059846,"['moon', 'jupiter', 'artificial intelligence', 'man vs machine', 'technology', 'super computer', 'human being', 'space travel', 'space mission', 'moon base', 'astronaut', 'evolution', 'monolith', 'space station']","['keirdullea', 'garylockwood', 'williamsylvester', 'douglasrain', 'danielrichter', 'leonardrossiter']",['stanleykubrick']
75,The Truman Show,"['Comedy', 'Drama']",37165,13.155901,7.6149415887850465,"['claustrophobia', 'hidden camera', 'dystopia', 'reality show', 'make believe', 'pretend']","['jimcarrey', 'lauralinney', 'noahemmerich', 'nataschamcelhone', 'edharris', 'hollandtaylor']",['peterweir']
76,Dallas Buyers Club,"['Drama', 'History']",152532,14.785719,7.60828881714118,"['women', 'aids', 'biography', 'based on true story', 'hiv', 'drug', '1980s']","['matthewmcconaughey', 'jennifergarner', 'jaredleto', ""deniso'hare"", 'stevezahn', ""michaelo'neill""]",['jean-marcvallée']
77,Good Will Hunting,['Drama'],489,15.064832999999998,7.600102595051298,"['baseball', 'boston', 'professor', 'm.i.t.', 'harvard university', 'ambition', 'mathematics', 'genius', 'love', 'friends', 'janitor', 'irish', 'psychologist', 'university', 'courtroom', 'flashback', 'prodigy']","['robinwilliams', 'mattdamon', 'benaffleck', 'stellanskarsgård', 'minniedriver', 'caseyaffleck']",['gusvansant']
78,Apocalypse Now,"['Drama', 'War']",28,13.5963,7.592592301649646,"['guerrilla', 'river', 'vietnam', 'vietcong', 'cambodia', 'army', 'insanity', 'tribe', 'green beret', 'jungle', 'apocalypse', 'death', 'napalm']","['martinsheen', 'marlonbrando', 'robertduvall', 'fredericforrest', 'sambottoms', 'laurencefishburne']",['francisfordcoppola']
79,Oldboy,"['Drama', 'Thriller', 'Mystery', 'Action']",670,10.616859,7.573845521774856,"['sushi restaurant', 'rage and hate', 'notebook', 'daughter', 'hostility', 'sin', 'revenge', 'loneliness', 'urination', 'anger', 'catholic', 'incest', 'south hypnosis']","['choimin-sik', 'yooji-tae', 'kanghye-jung', 'kimbyeong-ok', 'ohdal-su', 'jidae-han']",['parkchan-wook']
80,Full Metal Jacket,"['Drama', 'War']",600,13.941479999999999,7.571885110597557,"['suicide', 'prostitute', 'helicopter', 'based on novel', 'journalism', 'sniper', 'propaganda', 'vietnam', 'recruit', 'war photographer', 'war correspondent', 'war', 'boot camp', 'rescue', 'jungle', 'infantry', 'sergeant', 'racism', 'violence', 'genocide', 'fighting', 'platoon', 'combat', 'discipline', 'obstacle course', 'peace sign', 'u.s. marine', 'mass grave', 'blanket party']","['matthewmodine', 'adambaldwin', ""vincentd'onofrio"", 'r.leeermey', 'dorianharewood', 'arlisshoward']",['stanleykubrick']
81,Requiem for a Dream,"['Crime', 'Drama']",641,6.874828,7.564123014531937,"['drug addiction', 'junkie', 'heroin', 'speed', 'diet', 'unsociability', 'illegal prostitution']","['ellenburstyn', 'jaredleto', 'jenniferconnelly', 'marlonwayans', 'christophermcdonald', 'louiselasser']",['darrenaronofsky']
82,Harry Potter and the Prisoner of Azkaban,"['Adventure', 'Fantasy', 'Family']",673,28.460276,7.559826920105085,"['flying', 'traitor', 'magic', 'cutting the cord', 'child hero', 'broom', ""sorcerer's apprentice"", 'school of witchcraft', 'griffon', 'black magic', 'time travel', 'best friend', 'werewolf', 'dark', 'muggle', 'aftercreditsstinger']","['danielradcliffe', 'rupertgrint', 'emmawatson', 'garyoldman', 'davidthewlis', 'alanrickman']",['alfonsocuarón']
83,The Theory of Everything,"['Drama', 'Romance']",266856,11.853019999999999,7.552290852228302,"['wife husband relationship', 'biography', 'physicist', 'based on memoir or autobiography', 'stephen hawking', 'fictionalized biography', 'motor neuron disease', 'als']","['eddieredmayne', 'felicityjones', 'charliecox', 'emilywatson', 'simonmcburney', 'davidthewlis']",['jamesmarsh']
84,Amélie,"['Comedy', 'Romance']",194,12.879381,7.552290852228302,"['paris', 'love triangle', 'ghost train', 'sex-shop', 'shyness', 'montmartre', 'daughter', 'garden gnome', 'journey round the world', 'photography']","['audreytautou', 'mathieukassovitz', 'rufus', 'jameldebbouze', 'clairemaurier', 'isabellenanty']",['jean-pierrejeunet']
85,Hacksaw Ridge,"['Drama', 'History', 'War']",324786,21.037699,7.545048283261803,"['japan', 'world war ii', 'violent father', 'pacifism', 'bible', 'biography', 'war', 'conscientious objector', 'based on true story', 'gore', 'religion', 'soldier', 'religious', 'alcoholic', 'war hero', 'medic', 'u.s. military', 'based on true events', 'historical drama', '1940s']","['andrewgarfield', 'samworthington', 'vincevaughn', 'lukebracey', 'teresapalmer', 'hugoweaving']",['melgibson']
86,Toy Story,"['Animation', 'Comedy', 'Family']",862,21.946943,7.544920499230638,"['jealousy', 'toy', 'boy', 'friendship', 'friends', 'rivalry', 'boy next door', 'new toy', 'toy comes to life']","['tomhanks', 'timallen', 'donrickles', 'jimvarney', 'wallaceshawn', 'johnratzenberger']",['johnlasseter']
87,Once Upon a Time in America,"['Drama', 'Crime']",311,32.182851,7.540923276983095,"['life and death', 'corruption', 'street gang', 'rape', 'sadistic', 'lovesickness', 'sexual abuse', 'money laundering', 'opium']","['robertdeniro', 'jameswoods', 'elizabethmcgovern', 'joepesci', 'burtyoung', 'tuesdayweld']",['sergioleone']
88,Gran Torino,['Drama'],13223,14.794228,7.537078838174274,"['rape', 'war veteran', 'immigration', 'priest', 'gang', 'old man', 'teenager', 'gangster', 'detroit', 'widower', 'car', 'hmong']","['clinteastwood', 'christophercarley', 'beevang', 'ahneyher', 'brianhaley', 'geraldinehughes']",['clinteastwood']
89,Kill Bill: Vol. 1,"['Action', 'Crime']",24,25.261865,7.535826244343892,"['japan', 'coma', 'martial arts', 'kung fu', 'underworld', 'yakuza', 'sword', 'bride', 'revenge', 'gore', 'female yakuza', 'blood', 'wedding', 'samurai sword', 'part animation']","['umathurman', 'lucyliu', 'vivicaa.fox', 'darylhannah', 'davidcarradine', 'michaelmadsen']",['quentintarantino']
90,Into the Wild,"['Adventure', 'Drama']",5915,15.423538,7.533988245172125,"['male nudity', 'parent child relationship', 'camping', 'cutting the cord', 'self-discovery', 'wilderness', 'biography', 'based on true story', 'pubic hair', 'alaska', 'journey']","['emilehirsch', 'marciagayharden', 'williamhurt', 'jenamalone', 'brianh.dierker', 'catherinekeener']",['seanpenn']
91,Zootopia,"['Animation', 'Adventure', 'Family', 'Comedy']",269149,26.024868,7.531870250231697,"['fox', 'prejudice', 'conspiracy', 'urban', 'female protagonist', 'anthropomorphism', 'rabbit', 'rookie cop', 'missing person', 'injustice', 'stereotype', 'discrimination', '3d', 'animals']","['ginnifergoodwin', 'jasonbateman', 'shakira', 'idriselba', 'octaviaspencer', 'j.k.simmons']",['byronhoward']
92,Zootopia,"['Animation', 'Adventure', 'Family', 'Comedy']",269149,26.024868,7.531870250231697,"['fox', 'prejudice', 'conspiracy', 'urban', 'female protagonist', 'anthropomorphism', 'rabbit', 'rookie cop', 'missing person', 'injustice', 'stereotype', 'discrimination', '3d', 'animals']","['ginnifergoodwin', 'jasonbateman', 'shakira', 'idriselba', 'octaviaspencer', 'j.k.simmons']",['byronhoward']
93,The Big Lebowski,"['Comedy', 'Crime']",115,15.952523999999999,7.523301310043668,"['white russian', 'dude', 'bowling', 'vietnam veteran', 'carpet', 'nihilism', 'heart attack', 'kidnapping', 'lsd', 'marijuana', 'los angeles', 'millionaire', 'cowboy', 'ashes', 'impregnation', 'bowling team', 'unemployed', 'bowling ball', 'weeds']","['jeffbridges', 'johngoodman', 'juliannemoore', 'stevebuscemi', 'philipseymourhoffman', 'davidhuddleston']",['joelcoen']
94,My Neighbor Totoro,"['Fantasy', 'Animation', 'Family']",8392,13.507299,7.520674676524954,"['japan', 'mother', 'sister sister relationship', 'supernatural powers', 'leave', 'village', 'hospital', 'new neighbor', 'moving', 'new home', 'magical creature', 'cute', 'anime']","['norikohidaka', 'hitoshitakagi', 'chikasakamoto', 'shigesatoitoi', 'sumishimamoto', 'taniekitabayashi']",['hayaomiyazaki']
95,V for Vendetta,"['Action', 'Thriller', 'Fantasy']",752,20.214422,7.518442754203363,"['detective', 'vatican', 'fascism', 'satanism', 'fascist', 'dystopia', 'government', 'chancellor', 'revenge', 'personification of satan', 'torture', 'hatred', 'masked vigilante', 'catholicism', 'catholic priest', 'catholic guilt', 'jesuit', 'vengeful spirit', 'activist', 'irish catholic', 'vengeful', 'jesuit priest', 'gnosticism', 'occultism']","['natalieportman', 'hugoweaving', 'stephenrea', 'stephenfry', 'johnhurt', 'timpigott-smith']",['jamesmcteigue']
96,Lion,['Drama'],334543,17.085145,7.51370839193624,"['based on novel', 'indian lead', 'adoption', 'australia', 'based on true story', 'india', 'missing child', 'long lost relative', 'tasmania', 'passenger train', 'street child']","['sunnypawar', 'devpatel', 'rooneymara', 'davidwenham', 'nicolekidman', 'abhishekbharate']",['garthdavis']
97,The Dark Knight Rises,"['Action', 'Crime', 'Drama', 'Thriller']",49026,20.58258,7.510935340827061,"['dc comics', 'crime fighter', 'terrorist', 'secret identity', 'burglar', 'hostage drama', 'time bomb', 'gotham city', 'vigilante', 'cover-up', 'superhero', 'villainess', 'tragic hero', 'terrorism', 'destruction', 'catwoman', 'cat burglar', 'imax', 'flood', 'criminal underworld', 'batman']","['christianbale', 'michaelcaine', 'garyoldman', 'annehathaway', 'tomhardy', 'marioncotillard']",['christophernolan']
98,Terminator 2: Judgment Day,"['Action', 'Thriller', 'Science Fiction']",280,22.661695,7.5073364485981315,"['cyborg', 'shotgun', 'post-apocalyptic', 'dystopia', 'moral ambiguity', 'mental institution', 'violence', 'fictional war', 'morphing', 'nuclear weapons', 'shape shifter', 'savior', 'catch phrase']","['arnoldschwarzenegger', 'lindahamilton', 'robertpatrick', 'edwardfurlong', 'michaeledwards', 'joemorton']",['jamescameron']
99,Spotlight,"['Drama', 'Thriller', 'History']",314365,14.63239,7.5015824175824175,"['child abuse', 'journalism', 'judge', 'florida', 'boston', 'pedophilia', 'court', 'cover-up', 'priest', 'lawyer', 'catholic', 'catholic church', 'catholicism', 'september 11 2001', 'investigative journalism', 'cardinal', 'christmas']","['markruffalo', 'michaelkeaton', 'rachelmcadams', 'lievschreiber', 'johnslattery', 'stanleytucci']",['tommccarthy']
100,Trainspotting,"['Drama', 'Crime']",627,19.348466000000002,7.500264900662251,"['london england', 'alcohol', 'sex', 'based on novel', 'drug addiction', 'drug dealer', 'nightclub', 'junkie', 'heroin', 'cold turkey', 'modern society', 'hallucination', 'friendship', 'surrealism', 'dark comedy', 'stealing', 'monologue', 'cult film', 'recovering drug addict', 'illegal drugs', 'drug deal', 'drug rehabilitation', 'drug culture', 'antihero']","['ewanmcgregor', 'ewenbremner', 'jonnyleemiller', 'robertcarlyle', 'kellymacdonald', 'kevinmckidd']",['dannyboyle']
101,Kill Bill: Vol. 2,"['Action', 'Crime', 'Thriller']",393,21.533072,7.498206896551724,"['brother brother relationship', 'swordplay', 'katana', 'mother role', 'rage and hate', 'daughter', 'right and justice', 'single', 'aftercreditsstinger', 'duringcreditsstinger']","['umathurman', 'davidcarradine', 'darylhannah', 'michaelmadsen', 'gordonliuchia-hui', 'michaelparks']",['quentintarantino']
102,Raiders of the Lost Ark,"['Adventure', 'Action']",85,19.901576000000002,7.49305042208533,"['saving the world', 'riddle', 'nepal', 'himalaya', 'cairo', 'moses', 'egypt', 'whip', 'treasure', 'medallion', 'leather jacket', 'nazis', 'hat', 'mediterranean', 'ark of the covenant', 'ten commandments', 'treasure hunt', 'excavation', 'swastika', 'archaeologist', 'indiana jones', 'archeology\xa0']","['harrisonford', 'karenallen', 'paulfreeman', 'ronaldlacey', 'johnrhys-davies', 'denholmelliott']",['stevenspielberg']
103,Catch Me If You Can,"['Drama', 'Crime']",640,19.833077,7.491528384279476,"['con man', 'biography', 'fbi agent', 'overhead camera shot', 'attempted jailbreak', 'engagement party', 'mislaid trust', 'bank fraud', 'inspired by a true story']","['leonardodicaprio', 'tomhanks', 'christopherwalken', 'martinsheen', 'nathaliebaye', 'amyadams']",['stevenspielberg']
104,The Martian,"['Drama', 'Adventure', 'Science Fiction']",286217,25.629929999999998,7.49034281361097,"['based on novel', 'mars', 'nasa', 'isolation', 'botanist', 'stranded', 'spaceship', 'space', 'engineering', 'survival', 'astronaut', 'science', 'deep space explorer', 'duringcreditsstinger', 'battle for survival']","['mattdamon', 'jessicachastain', 'kristenwiig', 'jeffdaniels', 'michaelpeña', 'seanbean']",['ridleyscott']
105,The Help,['Drama'],50014,7.486117999999999,7.485891666666667,"['mississippi', 'based on novel', 'exploitation', 'racial segregation', 'racism', 'writer', 'maid', 'moral courage', 'ressentiment', 'southern belle', 'racial issues', '1960s', 'newspaper columnist']","['emmastone', 'violadavis', 'octaviaspencer', 'brycedallashoward', 'jessicachastain', 'mikevogel']",['tatetaylor']
106,Donnie Darko,"['Fantasy', 'Drama', 'Mystery']",141,18.303148,7.473687624750499,"['parent child relationship', 'airplane', 'time travel', 'school presentation', 'school performance', 'suburbia', 'vision', 'morality', 'teenager']","['jakegyllenhaal', 'jenamalone', 'patrickswayze', 'maggiegyllenhaal', 'drewbarrymore', 'bethgrant']",['richardkelly']
107,Logan,"['Action', 'Drama', 'Science Fiction']",263115,54.581997,7.4719365361803085,"['cyborg', 'experiment', 'self-destruction', 'mutant', 'future', 'dystopia', 'immortality', 'marvel comic', 'sequel', 'superhero', 'based on comic', 'scientific experiment', 'super powers', 'neo-western', 'troubled past', 'life on the margin']","['hughjackman', 'patrickstewart', 'dafnekeen', 'boydholbrook', 'stephenmerchant', 'elizabethrodriguez']",['jamesmangold']
108,Finding Nemo,"['Animation', 'Family']",12,25.497794,7.471593815046089,"['father son relationship', 'harbor', 'underwater', 'fish tank', 'great barrier reef', 'missing child', 'aftercreditsstinger', 'duringcreditsstinger', 'short term memory loss', 'clownfish', 'father son reunion', 'protective father']","['albertbrooks', 'ellendegeneres', 'alexandergould', 'willemdafoe', 'bradgarrett', 'allisonjanney']",['andrewstanton']
109,Kingsman: The Secret Service,"['Crime', 'Comedy', 'Action', 'Adventure']",207703,28.224211999999998,7.467190527448871,"['spy', 'great britain', 'secret organization', 'secret agent', 'marvel comic', 'based on comic', 'united kingdom', 'duringcreditsstinger']","['colinfirth', 'samuell.jackson', 'markstrong', 'taronegerton', 'michaelcaine', 'sophiecookson']",['matthewvaughn']
110,Braveheart,"['Action', 'Drama', 'History', 'War']",197,20.755149,7.463663366336634,"['individual', 'scotland', 'in love with enemy', 'legend', 'independence', 'idealism', 'revolt', 'tyranny']","['melgibson', 'catherinemccormack', 'sophiemarceau', 'patrickmcgoohan', 'angusmacfadyen', 'brendangleeson']",['melgibson']
111,Captain America: The Winter Soldier,"['Action', 'Adventure', 'Science Fiction']",100402,18.717704,7.463236737925574,"['washington d.c.', 'future', 'shield', 'marvel comic', 'superhero', 'based on comic', 'captain america', 'aftercreditsstinger', 'duringcreditsstinger', 'marvel cinematic universe', '3d', 'political thriller']","['chrisevans', 'samuell.jackson', 'scarlettjohansson', 'robertredford', 'sebastianstan', 'anthonymackie']",['anthonyrusso']
112,Aliens,"['Horror', 'Action', 'Thriller', 'Science Fiction']",679,21.761179000000002,7.455904198062433,"['android', 'extraterrestrial technology', 'space marine', 'spaceman', 'cryogenics', 'vacuum', 'space colony', 'warrior woman', 'settler', 'space travel', 'colony', 'alien', 'xenomorph']","['sigourneyweaver', 'michaelbiehn', 'jamesremar', 'paulreiser', 'lancehenriksen', 'carriehenn']",['jamescameron']
113,Dr. Strangelove or: How I Learned to Stop Worrying and Love the Bomb,"['Drama', 'Comedy', 'War']",935,9.803980000000001,7.455792235047219,"['usa president', 'general', 'cold war', 'strategic air command', 'nuclear missile', 'war room', 'bomber pilot', 'nuclear weapons', 'ex nazi', 'doomsday device', 'absurdism']","['petersellers', 'georgec.scott', 'sterlinghayden', 'keenanwynn', 'slimpickens', 'peterbull']",['stanleykubrick']
114,The Sixth Sense,"['Mystery', 'Thriller', 'Drama']",745,18.449169,7.4519660924254865,"['child abuse', 'sense of guilt', 'loss of child', 'confidence', 'psychology', 'dying and death', 'marriage crisis', 'afterlife', 'single', 'paranormal phenomena', 'cowardliness', 'child', 'spiritism']","['brucewillis', 'tonicollette', 'oliviawilliams', 'haleyjoelosment', 'donniewahlberg', 'glennfitzgerald']",['m.nightshyamalan']
115,The Notebook,"['Romance', 'Drama']",11036,15.239013,7.447828746177371,"['poem', 'river', 'sadness', 'fight', ""love of one's life"", 'dementia', 'class', 'secret love', 'tears', 'candle', 'mailbox']","['rachelmcadams', 'ryangosling', 'genarowlands', 'jamesgarner', 'samshepard', 'joanallen']",['nickcassavetes']
116,A Beautiful Mind,"['Drama', 'Romance']",453,11.93646,7.442385685884692,"['individual', 'schizophrenia', 'massachusetts', ""love of one's life"", 'intelligence', 'mathematician', 'market economy', 'economic theory', 'princeton university', 'nobel prize', 'mathematical theorem', 'm.i.t.', 'mathematics', 'delusion']","['russellcrowe', 'edharris', 'jenniferconnelly', 'christopherplummer', 'paulbettany', 'adamgoldberg']",['ronhoward']
117,No Country for Old Men,"['Crime', 'Drama', 'Thriller']",6977,15.565484,7.44209269263577,"['texas', 'drug traffic', 'hitman', 'united states–mexico barrier', 'suspense']","['tommyleejones', 'javierbardem', 'joshbrolin', 'woodyharrelson', 'kellymacdonald', 'garretdillahunt']",['joelcoen']
118,Edge of Tomorrow,"['Action', 'Science Fiction']",137113,31.982986,7.440447071864031,"['deja vu', 'time warp', 'restart', 'dystopia', 'war', 'alien', 'military officer', 'soldier', 'alien invasion', 'exoskeleton']","['tomcruise', 'emilyblunt', 'brendangleeson', 'billpaxton', 'jonasarmstrong', 'tonyway']",['dougliman']
119,The Perks of Being a Wallflower,"['Drama', 'Romance']",84892,12.775679,7.440097421203439,"['shyness', 'secret', 'narration', 'kiss', 'freshman', 'coming of age', 'teenage boy', 'high school student', 'first love', 'aunt nephew relationship', 'gay lead character', 'santa hat', 'lgbt teen', 'aunt nephew incest', 'based on young adult novel']","['loganlerman', 'emmawatson', 'ezramiller', 'paulrudd', 'ninadobrev', 'maewhitman']",['stephenchbosky']
120,Jurassic Park,"['Adventure', 'Science Fiction']",329,8.863776,7.439766233766234,"['exotic island', 'dna', 'paleontology', 'tyrannosaurus rex', 'triceratops', 'brontosaurus', 'electric fence', 'island', 'dinosaur', 'amusement park', 'theme park', 'jurassic park']","['samneill', 'lauradern', 'jeffgoldblum', 'richardattenborough', 'bobpeck', 'martinferrero']",['stevenspielberg']
121,The Breakfast Club,"['Comedy', 'Drama']",2108,12.627678,7.437643919176516,"['high school', 'tardy hall', 'teenager', 'detention']","['emilioestevez', 'anthonymichaelhall', 'juddnelson', 'mollyringwald', 'allysheedy', 'paulgleason']",['johnhughes']
122,Ex Machina,"['Drama', 'Science Fiction']",264660,14.14078,7.436922205438066,"['dancing', 'artificial intelligence', 'distrust', 'isolation', 'technology', 'manipulation', 'friendship', 'deception', 'laboratory', 'robot', 'power outage', 'surveillance camera', 'consciousness', 'existentialism', 'lockdown', 'philosophical', 'robot human relationship', 'turing test', 'cybernetics']","['domhnallgleeson', 'aliciavikander', 'oscarisaac', 'sonoyamizuno', 'coreyjohnson', 'claireselby']",['alexgarland']
123,Guardians of the Galaxy Vol. 2,"['Action', 'Adventure', 'Comedy', 'Science Fiction']",283995,185.33099199999998,7.4367989417989415,"['sequel', 'superhero', 'based on comic', 'misfit', 'space', 'outer space', 'aftercreditsstinger', 'duringcreditsstinger']","['chrispratt', 'zoesaldana', 'davebautista', 'vindiesel', 'bradleycooper', 'michaelrooker']",['jamesgunn']
124,Hidden Figures,['Drama'],381284,16.816834,7.436117917304746,"['nasa', 'sexism', 'biography', 'mathematics', 'racial segregation', 'racism', 'scientist', 'space race', 'black woman', 'u.s. space program', 'discrimination', '1960s']","['tarajip.henson', 'octaviaspencer', 'janellemonae', 'kevincostner', 'kirstendunst', 'jimparsons']",['theodoremelfi']
125,Snatch,"['Thriller', 'Crime']",107,14.014025,7.432193681724241,"['gypsy', 'bare knuckle boxing', 'slang', 'trailer park', 'pig', 'sport', 'receiving of stolen goods', 'cockney accent', 'diamond', 'pikey']","['beniciodeltoro', 'dennisfarina', 'vinniejones', 'bradpitt', 'radeserbedzija', 'jasonstatham']",['guyritchie']
126,Toy Story 3,"['Animation', 'Family', 'Comedy']",10193,16.96647,7.432103421461898,"['hostage', 'college', 'toy', 'barbie', 'animation', 'escape', 'day care', 'teddy bear', 'duringcreditsstinger', 'toy comes to life', 'personification', 'inanimate objects coming to life', 'toy story']","['tomhanks', 'timallen', 'nedbeatty', 'joancusack', 'michaelkeaton', 'whoopigoldberg']",['leeunkrich']
127,About Time,"['Comedy', 'Drama', 'Science Fiction']",122906,11.213913,7.43074592074592,"['london england', 'father son relationship', 'time travel']","['domhnallgleeson', 'rachelmcadams', 'billnighy', 'lydiawilson', 'lindsayduncan', 'richardcordery']",['richardcurtis']
128,The Hobbit: The Desolation of Smaug,"['Adventure', 'Fantasy']",57158,20.644776,7.429552003157687,"['elves', 'dwarves', 'orcs', 'hobbit', 'dragon', 'wizard', 'sword and sorcery']","['martinfreeman', 'ianmckellen', 'richardarmitage', 'kenstott', 'grahammctavish', 'williamkircher']",['peterjackson']
129,Once Upon a Time in the West,['Western'],335,15.589351,7.4220451693851945,"['showdown', 'bounty', 'bounty hunter', 'loss of brother', 'sadness', 'blackmail', 'harmonica', 'anti hero', 'auction', 'dying and death', 'peasant', 'insanity', 'spaghetti western']","['henryfonda', 'claudiacardinale', 'jasonrobards', 'charlesbronson', 'gabrieleferzetti', 'paolostoppa']",['sergioleone']
130,The Hateful Eight,"['Crime', 'Drama', 'Mystery', 'Western']",273248,20.328822,7.421520975408142,"['bounty hunter', 'wyoming', 'mountain', 'narration', 'hangman', 'stagecoach', 'blizzard', 'post civil war']","['samuell.jackson', 'kurtrussell', 'jenniferjasonleigh', 'waltongoggins', 'demiánbichir', 'timroth']",['quentintarantino']
131,Mr. Nobody,"['Science Fiction', 'Drama', 'Romance', 'Fantasy']",31011,11.817059,7.41519024390244,['surrealism'],"['jaredleto', 'dianekruger', 'linhđanphạm', 'sarahpolley', 'rhysifans', 'natashalittle']",['jacovandormael']
132,There Will Be Blood,['Drama'],7345,8.200627,7.406769230769232,"['brother brother relationship', 'deaf-mute', 'american dream', 'fanatic', 'pipeline', 'petrol', 'father', 'step father', 'oil', 'money', 'killer', 'alcoholic']","['danielday-lewis', 'pauldano', 'dillonfreasier', 'ciaránhinds', ""kevinj.o'connor"", 'hopeelizabethreeves']",['paulthomasanderson']
133,Captain Fantastic,"['Adventure', 'Comedy', 'Drama', 'Romance']",334533,16.519276,7.403814278582128,"['suicide', 'socialism', 'food', 'survivalist', 'off the grid', 'non-registered home schooled', 'noam chomsky']","['viggomortensen', 'georgemackay', 'samanthaisler', 'annalisebasso', 'nicholashamilton', 'shreecrooks']",['mattross']
134,Star Wars: The Force Awakens,"['Action', 'Adventure', 'Science Fiction', 'Fantasy']",140607,31.626013,7.402662869348522,"['android', 'spaceship', 'jedi', 'imax', 'space opera', '3d']","['daisyridley', 'johnboyega', 'adamdriver', 'harrisonford', 'oscarisaac', 'carriefisher']",['j.j.abrams']
135,The Pursuit of Happyness,['Drama'],1402,20.981716,7.401723117395594,"['san francisco', 'single parent', 'homeless person', 'bus', 'worker', 'homelessness', 'work', 'church service', 'bad luck', 'biography', 'salesman', 'stockbroker']","['willsmith', 'jadensmith', 'thandienewton', 'brianhowe', 'jameskaren', 'kurtfuller']",['gabrielemuccino']
136,Grave of the Fireflies,"['Animation', 'Drama', 'War']",12477,0.010902,7.4016619318181816,"['japan', 'brother sister relationship', 'hunger', 'world war ii', 'shelter', 'boy', 'sister', 'food', 'wartime', 'tokyo japan', 'little girl', 'orphan', 'death', 'starving']","['tsutomutatsumi', 'ayanoshiraishi', 'yoshikoshinohara', 'akemiyamaguchi']",['isaotakahata']
137,Titanic,"['Drama', 'Romance', 'Thriller']",597,26.88907,7.400017064846416,"['shipwreck', 'iceberg', 'ship', 'panic', 'titanic', 'ocean liner', 'epic', 'rich woman - poor man', 'love', 'disaster', 'tragic love', 'class differences', 'imax', 'star crossed lovers', 'steerage', 'salvage', 'rich snob', '3d', '1910s']","['katewinslet', 'leonardodicaprio', 'francesfisher', 'billyzane', 'kathybates', 'gloriastuart']",['jamescameron']
138,The Fault in Our Stars,"['Romance', 'Drama']",222935,16.274653,7.3992422129242215,"['amsterdam', 'based on novel', 'support group', 'cancer', 'teenager', 'star crossed lovers', 'teen drama', 'oxygen tank', 'based on young adult novel']","['shailenewoodley', 'anselelgort', 'natwolff', 'lauradern', 'samtrammell', 'willemdafoe']",['joshboone']
139,Batman Begins,"['Action', 'Crime', 'Drama']",272,28.505340999999998,7.396757709251101,"['himalaya', 'martial arts', 'dc comics', 'crime fighter', 'secret identity', 'undercover', 'hero', 'loss of father', 'society', 'gotham city', 'vigilante', 'superhero', 'based on comic', 'rivalry', 'tragic hero', 'ninja', 'good vs evil', 'crime', 'super powers', 'haunted by the past', 'evil doctor', 'escapade', 'master villain', 'fighting crime', 'unfulfillment', 'love and romance', 'unfulfilled love']","['christianbale', 'michaelcaine', 'liamneeson', 'katieholmes', 'garyoldman', 'cillianmurphy']",['christophernolan']
140,Million Dollar Baby,['Drama'],70,14.471373000000002,7.39283440568913,"['transporter', 'suicide attempt', 'strong woman', 'boxer', 'dying and death', 'stroke of fate', 'training', 'advancement', 'sport', 'female protagonist', 'boxing trainer', 'determination']","['clinteastwood', 'hilaryswank', 'morganfreeman', 'jaybaruchel', 'mikecolter', 'luciarijker']",['clinteastwood']
141,Pirates of the Caribbean: The Curse of the Black Pearl,"['Adventure', 'Fantasy', 'Action']",22,47.326665000000006,7.392424918032788,"['exotic island', 'blacksmith', 'east india trading company', 'gold', 'marriage proposal', 'mutiny', 'jamaica', 'skeleton', 'daughter', 'governor', 'wooden eye', 'gold coin', 'pirate', 'alcoholic', 'swashbuckler', 'caribbean', 'aftercreditsstinger', 'pirate ship', 'capuchin monkey', 'tortuga']","['johnnydepp', 'geoffreyrush', 'orlandobloom', 'keiraknightley', 'jackdavenport', 'jonathanpryce']",['goreverbinski']
142,Harry Potter and the Philosopher's Stone,"['Adventure', 'Fantasy', 'Family']",671,38.187238,7.392382576751509,"['witch', 'christmas party', 'magic', 'cutting the cord', 'halloween', 'child hero', 'broom', 'chosen one', 'frog', 'fantasy world', 'based on young adult novel']","['danielradcliffe', 'rupertgrint', 'emmawatson', 'richardharris', 'tomfelton', 'robbiecoltrane']",['chriscolumbus']
143,Citizen Kane,"['Mystery', 'Drama']",15,15.811921,7.381847437425506,"['journalist', 'newspaper', 'florida', 'capitalist', 'banker', 'media tycoon', 'art collector', 'sleigh', 'money', 'child']","['orsonwelles', 'josephcotten', 'dorothycomingore', 'raycollins', 'georgecoulouris', 'agnesmoorehead']",['orsonwelles']
144,Nightcrawler,"['Crime', 'Drama', 'Thriller']",242582,21.277073,7.379058582757739,"['journalism', 'underground', 'tv station', 'sociopath', 'home invasion', 'car chase', 'tv news', 'employer employee relationship', 'ethics', 'stringer']","['jakegyllenhaal', 'renerusso', 'rizahmed', 'billpaxton', 'kevinrahm', 'michaelhyatt']",['dangilroy']
145,Casablanca,"['Drama', 'Romance']",289,13.916101000000001,7.3758122362869205,"['love triangle', 'corruption', 'spy', 'resistance', 'casablanca', 'emigration', 'visa', 'patriotism', 'nationalism', 'concentration camp', 'nazis', 'war', 'melodrama', 'film noir']","['humphreybogart', 'ingridbergman', 'paulhenreid', 'clauderains', 'conradveidt', 'sydneygreenstreet']",['michaelcurtiz']
146,X-Men: Days of Future Past,"['Action', 'Adventure', 'Fantasy', 'Science Fiction']",127585,26.058586,7.375510699650934,"['1970s', 'mutant', 'time travel', 'marvel comic', 'based on comic', 'superhuman', 'storm', 'beast', 'aftercreditsstinger', 'changing the past or future']","['hughjackman', 'jamesmcavoy', 'michaelfassbender', 'jenniferlawrence', 'halleberry', 'annapaquin']",['bryansinger']
147,"Monsters, Inc.","['Animation', 'Comedy', 'Family']",585,26.419961999999998,7.375416160388822,"['monster', 'infant', 'energy supply', 'company', 'rivalry', 'hijinks', 'best friend', 'scream', 'conveyor belt', 'energy company', 'friend']","['johngoodman', 'billycrystal', 'marygibbs', 'stevebuscemi', 'jamescoburn', 'jennifertilly']",['petedocter']
148,Rush,"['Drama', 'Action']",96721,10.63552,7.369438775510204,"['world champion', 'sport', 'racing car', 'automobile racing', 'based on true events', 'formula one']","['danielbrühl', 'chrishemsworth', 'oliviawilde', 'alexandramarialara', 'nataliedormer', 'christianmckay']",['ronhoward']
149,Harry Potter and the Goblet of Fire,"['Adventure', 'Fantasy', 'Family']",674,24.903057999999998,7.367529069767442,"['magic', 'dying and death', 'broom', ""sorcerer's apprentice"", 'school of witchcraft', 'chosen one', 'black magic', 'boarding school', 'vision', 'tournament', 'teenager', 'wizard', 'teenage hero', 'based on young adult novel']","['danielradcliffe', 'rupertgrint', 'emmawatson', 'ralphfiennes', 'michaelgambon', 'alanrickman']",['mikenewell']
150,Harry Potter and the Deathly Hallows: Part 1,"['Adventure', 'Fantasy', 'Family']",12444,23.300362,7.3664506675350045,"['corruption', 'isolation', 'radio', 'magic', 'teleportation', 'bravery', 'tension', 'attack', 'werewolf']","['danielradcliffe', 'emmawatson', 'rupertgrint', 'ralphfiennes', 'helenabonhamcarter', 'alanrickman']",['davidyates']
151,Indiana Jones and the Last Crusade,"['Adventure', 'Action']",89,14.788986999999999,7.363704514363884,"['saving the world', 'venice', 'holy grail', 'library', 'riddle', 'father son relationship', 'whip', 'treasure', 'nazis', 'entrapment', 'crusader', 'treasure hunt', 'escape', 'panzer', 'order of the templars', 'archaeologist', 'indiana jones', 'archeology\xa0']","['harrisonford', 'seanconnery', 'denholmelliott', 'alisondoody', 'johnrhys-davies', 'julianglover']",['stevenspielberg']
152,Monty Python and the Holy Grail,"['Adventure', 'Comedy', 'Fantasy']",762,10.43389,7.363207720588235,"['holy grail', 'monk', 'scotland yard', 'swordplay', 'camelot', 'round table', 'chapter', 'aggression by animal', 'knight', 'king arthur', 'wedding reception', 'midnight movie', 'monty python', 'knights of the round table', 'anarchic comedy']","['grahamchapman', 'johncleese', 'terrygilliam', 'ericidle', 'terryjones', 'michaelpalin']",['terrygilliam']
153,How to Train Your Dragon 2,"['Fantasy', 'Action', 'Adventure', 'Animation', 'Comedy', 'Family']",82702,12.256689,7.359894356408118,"['father son relationship', 'wife husband relationship', 'sacrifice', 'viking', 'sequel', 'rescue', 'dragon', 'mother son relationship', 'death of husband', 'warrior', '3d']","['jaybaruchel', 'gerardbutler', 'kristenwiig', 'jonahhill', 'cateblanchett', 'djimonhounsou']",['deandeblois']
154,Pan's Labyrinth,"['Fantasy', 'Drama', 'War']",1417,26.817753999999997,7.357125984251968,"['spain', 'resistance', 'servant', 'anti hero', 'fairy', 'fairy tale', 'franco regime', 'army', 'princess', 'love', 'woods', 'king', 'hiding', 'labyrinth', 'mythological']","['ivanabaquero', 'maribelverdú', 'sergilópez', 'dougjones', 'ariadnagil', 'alexangulo']",['guillermodeltoro']
155,Seven Samurai,"['Action', 'Drama']",346,15.01777,7.352292609351433,"['japan', 'samurai', 'peasant', 'looting', 'rice', 'fencing', 'village', 'moral ambiguity', 'battle', 'practice', '16th century']","['toshirōmifune', 'takashishimura', 'yoshioinaba', 'seijimiyaguchi', 'minoruchiaki', 'daisukekatô']",['akirakurosawa']
156,Vertigo,"['Mystery', 'Romance', 'Thriller']",426,18.20822,7.350087719298246,"['san francisco', 'sense of guilt', 'bachelor', 'obsession', ""love of one's life"", 'vertigo', 'museum', 'necklace', 'grave', 'plan', 'painting', 'film noir']","['jamesstewart', 'kimnovak', 'barbarabelgeddes', 'tomhelmore', 'henryjones', 'raymondbailey']",['alfredhitchcock']
157,Slumdog Millionaire,"['Drama', 'Romance']",12405,11.258181,7.342344868735084,"['slum', 'indian lead', 'cheating', 'suspicion', 'game show', 'orphan', 'duringcreditsstinger']","['devpatel', 'freidapinto', 'anilkapoor', 'miadrakeinderbitzin', 'saurabhshukla', 'rajendranathzutshi']",['dannyboyle']
158,The Thing,"['Horror', 'Mystery', 'Science Fiction']",1091,16.83125,7.339282598158022,"['ice', 'space marine', 'paranoia', 'snow storm', 'norwegian', 'research station', 'alien life-form', 'remake', 'alien', 'antarctica', 'shape shifting alien', 'sled dogs']","['kurtrussell', 'keithdavid', 'wilfordbrimley', 'donaldmoffat', 'richarddysart', 'charleshallahan']",['johncarpenter']
159,Fargo,"['Crime', 'Drama', 'Thriller']",275,12.61469,7.339196499602227,"['cheating', 'ransom', 'salesclerk', 'winter', 'kidnapping', 'auto', 'unsociability', 'police', 'north dakota', 'murder', 'money', 'car dealership', 'woodchipper']","['williamh.macy', 'francesmcdormand', 'stevebuscemi', 'peterstormare', 'kristinrudrüd', 'harvepresnell']",['joelcoen']
160,The Avengers,"['Science Fiction', 'Action', 'Adventure']",24428,89.887648,7.337521312530159,"['new york', 'shield', 'marvel comic', 'superhero', 'based on comic', 'alien invasion', 'superhero team', 'aftercreditsstinger', 'duringcreditsstinger', 'marvel cinematic universe']","['robertdowneyjr.', 'chrisevans', 'markruffalo', 'chrishemsworth', 'scarlettjohansson', 'jeremyrenner']",['josswhedon']
161,Deadpool,"['Action', 'Adventure', 'Comedy']",293660,187.860492,7.334596733456812,"['anti hero', 'mercenary', 'marvel comic', 'superhero', 'based on comic', 'breaking the fourth wall', 'aftercreditsstinger', 'duringcreditsstinger', 'self healing']","['ryanreynolds', 'morenabaccarin', 'edskrein', 't.j.miller', 'ginacarano', 'leslieuggams']",['timmiller']
162,The King's Speech,"['Drama', 'History']",45269,11.260387,7.334340203014458,"['great britain', 'radio', 'monarchy', 'radio transmission', 'royal family', 'speech', 'marriage', 'royalty', 'death of father']","['colinfirth', 'geoffreyrush', 'helenabonhamcarter', 'guypearce', 'timothyspall', 'michaelgambon']",['tomhooper']
163,Ratatouille,"['Animation', 'Comedy', 'Family', 'Fantasy']",2062,20.508029999999998,7.3340898058252435,"['paris', 'brother brother relationship', 'expensive restaurant', 'river', 'cook', 'mouse', 'confidence', 'roof', 'window', ""leaving one's family"", 'work', 'restaurant critic', 'kitchen', 'spice', 'court', 'cookbook', 'family', 'chef', 'rat']","['pattonoswalt', 'ianholm', 'louromano', 'briandennehy', 'petersohn', ""petero'toole""]",['janpinkava']
164,How to Train Your Dragon,"['Fantasy', 'Adventure', 'Animation', 'Family']",10191,14.416681,7.327422680412371,"['flying', 'blacksmith', 'arena', 'island', 'night', 'ship', 'training', 'village', 'forest', 'viking', 'friendship', 'ignorance', 'flight', 'nest', 'dragon', 'battle', 'combat', 'well', 'warrior']","['jaybaruchel', 'gerardbutler', 'craigferguson', 'americaferrera', 'jonahhill', 'christophermintz-plasse']",['chrissanders']
165,Stand by Me,"['Crime', 'Drama']",235,15.206957000000001,7.325244755244755,"['based on novel', 'friendship', 'coming of age', 'railroad track', 'story within the story', '\xa0flipping coin', 'campfire story', 'reference to superman', 'normandy beach', 'child', '1950s', 'boys']","['wilwheaton', 'riverphoenix', 'coreyfeldman', ""jerryo'connell"", 'kiefersutherland', 'richarddreyfuss']",['robreiner']
166,It's a Wonderful Life,"['Drama', 'Family', 'Fantasy']",1585,15.031588000000001,7.325139882888745,"['holiday', 'angel', 'based on novel', 'bank', 'suicide attempt', 'small town', 'christmas tree', 'great depression', 'christmas eve', 'feel-good ending', 'guardian angel', 'christmas']","['jamesstewart', 'donnareed', 'lionelbarrymore', 'thomasmitchell', 'henrytravers', 'beulahbondi']",['frankcapra']
167,Me Before You,"['Drama', 'Romance']",296096,34.34759,7.322117117117116,"['england', 'based on novel', 'depression', 'small town', 'wheelchair', 'caretaker', 'caregiver', 'disabled', 'twenty something', 'woman director', 'romantic drama', 'dead end job', 'accident']","['emiliaclarke', 'samclaflin', 'janetmcteer', 'charlesdance', 'brendancoyle', 'jennacoleman']",['theasharrock']
168,Me Before You,"['Drama', 'Romance']",296096,34.34759,7.322117117117116,"['england', 'based on novel', 'depression', 'small town', 'wheelchair', 'caretaker', 'caregiver', 'disabled', 'twenty something', 'woman director', 'romantic drama', 'dead end job', 'accident']","['emiliaclarke', 'samclaflin', 'janetmcteer', 'charlesdance', 'brendancoyle', 'jennacoleman']",['theasharrock']
169,Iron Man,"['Action', 'Science Fiction', 'Adventure']",1726,22.073099,7.317223228556208,"['middle east', 'arms dealer', 'malibu', 'marvel comic', 'superhero', 'based on comic', 'tony stark', 'iron man', 'aftercreditsstinger', 'marvel cinematic universe', 'counter terrorism', 'agent coulson']","['robertdowneyjr.', 'terrencehoward', 'jeffbridges', 'shauntoub', 'gwynethpaltrow', 'farantahir']",['jonfavreau']
170,Die Hard,"['Action', 'Thriller']",562,16.640522,7.315215138544717,"['helicopter', 'journalist', 'based on novel', 'terrorist', 'skyscraper', 'christmas party', 's.w.a.t.', 'hostage', 'kidnapping', 'vault', 'fistfight', 'murder', 'heist', 'shootout', 'los angeles', 'one man army', 'explosion', 'violence', 'fbi agent', 'walkie talkie', 'christmas eve', 'elevator shaft', 'one night', 'action hero']","['brucewillis', 'alanrickman', 'alexandergodunov', 'bonniebedelia', 'reginaldveljohnson', 'paulgleason']",['johnmctiernan']
171,Cinema Paradiso,"['Drama', 'Romance']",11216,14.177005,7.313517350157729,"['sicily', 'cinema', 'film director', 'kiss', 'coming of age', 'mother son relationship', 'haunted by the past', 'censorship', 'movie theatre', 'flashback']","['philippenoiret', 'jacquesperrin', 'marcoleonardi', 'salvatorecascio', 'agnesenano', 'antonellaattili']",['giuseppetornatore']
172,Heat,"['Action', 'Crime', 'Drama', 'Thriller']",949,17.924927,7.309025862068966,"['robbery', 'detective', 'bank', 'obsession', 'chase', 'shooting', 'thief', 'honor', 'murder', 'suspense', 'heist', 'betrayal', 'money', 'gang', 'cat and mouse', 'criminal mastermind', 'cult film', 'ex-con', 'heist movie', 'one last job', 'loner', 'bank job', 'neo-noir', 'gun fight', 'crime epic']","['alpacino', 'robertdeniro', 'valkilmer', 'jonvoight', 'tomsizemore', 'dianevenora']",['michaelmann']
173,Captain Phillips,"['Action', 'Drama', 'Thriller']",109424,13.776067999999999,7.3051348583134175,"['ship', 'hijacking', 'somalia', 'fisherman', 'blood', 'poverty', 'pirate', 'terrorism', 'commando', 'hijack', 'cargo ship', 'ship captain', 'ship hijacking', 'somali', 'commando unit']","['tomhanks', 'catherinekeener', 'maxmartini', 'chrismulkey', 'yulvazquez', 'coreyjohnson']",['paulgreengrass']
174,Edward Scissorhands,"['Fantasy', 'Drama', 'Romance']",162,17.612244,7.303058823529412,"['underdog', 'love at first sight', 'hairdresser', 'small town', 'scissors', 'inventor', 'burglar', 'unsociability']","['johnnydepp', 'winonaryder', 'diannewiest', 'alanarkin', 'anthonymichaelhall', 'vincentprice']",['timburton']
175,The Hunger Games: Catching Fire,"['Adventure', 'Action', 'Science Fiction']",101299,25.309139000000002,7.290428772919605,"['competition', 'based on novel', 'mentor', 'secret', 'factory', 'television', 'propaganda', 'future', 'dystopia', 'alliance', 'games', 'president', 'uprising', 'sequel', 'murder', 'survival', 'conspiracy', 'rebellion', 'blood', 'female protagonist', 'tournament', 'explosion', 'danger', 'imax', 'winner', 'based on young adult novel']","['jenniferlawrence', 'joshhutcherson', 'liamhemsworth', 'woodyharrelson', 'elizabethbanks', 'lennykravitz']",['francislawrence']
176,Hachi: A Dog's Tale,"['Drama', 'Family']",28178,8.621359,7.288261461643215,"['japanese', 'loyalty', 'human animal relationship', 'friendship', 'friends', 'family relationships', 'dog', 'newspaper reporter', 'family dog', 'waiting']","['richardgere', 'joanallen', 'jasonalexander', 'cary-hiroyukitagawa', 'sarahroemer', 'erickavari']",['lassehallström']
177,Pride & Prejudice,"['Drama', 'Romance']",4348,14.439082999999998,7.283445652173913,"['bachelor', 'beautiful', 'prejudice', 'suitor', 'period drama', 'georgian', 'pride', '18th century', 'opposites attract']","['keiraknightley', 'matthewmacfadyen', 'rosamundpike', 'simonwoods', 'donaldsutherland', 'brendablethyn']",['joewright']
178,Cast Away,"['Adventure', 'Drama']",8358,21.296343,7.280561797752808,"['exotic island', 'suicide attempt', 'volleyball', 'loneliness', 'airplane crash', 'deserted island', 'tropical island', 'survival skills']","['tomhanks', 'helenhunt', 'chrisnoth', 'paulsanchez', 'lariwhite', 'leonidciter']",['robertzemeckis']
179,Harry Potter and the Chamber of Secrets,"['Adventure', 'Fantasy', 'Family']",672,29.741452000000002,7.2786156250000005,"['flying car', 'witch', 'magic', 'cutting the cord', 'child hero', 'broom', ""sorcerer's apprentice"", 'school of witchcraft', 'giant snake', 'black magic', 'aftercreditsstinger']","['danielradcliffe', 'rupertgrint', 'emmawatson', 'richardharris', 'alanrickman', 'tomfelton']",['chriscolumbus']
180,Modern Times,"['Drama', 'Comedy']",3082,8.159556,7.278205323193916,"['factory', 'ambulance', 'invention', 'tramp', 'great depression', 'industrial revolution', 'slapstick', 'machine', 'pardon', 'guilty']","['charliechaplin', 'paulettegoddard', 'henrybergman', 'tinysandford', 'chesterconklin', 'hankmann']",['charliechaplin']
181,Harry Potter and the Order of the Phoenix,"['Adventure', 'Fantasy', 'Family', 'Mystery']",675,21.3643,7.271953189385199,"['prophecy', 'witch', 'loss of lover', 'magic', 'cutting the cord', 'child hero', 'dying and death', 'broom', ""sorcerer's apprentice"", 'school of witchcraft', 'black magic', 'death of a friend', 'sorcery', 'occultism']","['danielradcliffe', 'rupertgrint', 'emmawatson', 'michaelgambon', 'ralphfiennes', 'tomfelton']",['davidyates']
182,The Lego Movie,"['Adventure', 'Animation', 'Comedy', 'Family', 'Fantasy']",137106,16.418132999999997,7.269654591406908,"['father son relationship', 'creativity', 'friendship', 'part live action', 'toys', 'based on toy', 'falling in love', 'super powers', 'duringcreditsstinger', 'different worlds', 'lego', 'batman']","['chrispratt', 'willferrell', 'elizabethbanks', 'willarnett', 'nickofferman', 'alisonbrie']",['phillord']
183,Harry Potter and the Half-Blood Prince,"['Adventure', 'Fantasy', 'Family']",767,19.083723000000003,7.267633327653774,"['witch', 'magic', 'broom', 'school of witchcraft', 'wizardry', 'apparition', 'teenage crush', 'werewolf']","['danielradcliffe', 'rupertgrint', 'emmawatson', 'tomfelton', 'michaelgambon', 'jimbroadbent']",['davidyates']
184,"Love, Rosie","['Comedy', 'Romance']",200727,14.566103,7.2668290353390645,"['based on novel', 'male female relationship', 'teenage pregnancy', 'best friends in love', 'missed opportunity']","['lilycollins', 'samclaflin', 'sukiwaterhouse', 'christiancooke', 'tamsinegerton', 'jaimewinstone']",['christianditter']
185,Casino,"['Drama', 'Crime']",524,10.137389,7.265132245357344,"['poker', 'drug abuse', '1970s', 'overdose', 'illegal prostitution']","['robertdeniro', 'sharonstone', 'joepesci', 'jameswoods', 'donrickles', 'alanking']",['martinscorsese']
186,The Incredibles,"['Action', 'Adventure', 'Animation', 'Family']",9806,22.220214000000002,7.2642802236198465,"['secret identity', 'secret', 'hero', 'island', 'wretch', 'supernatural powers', 'weapon', 'lawsuit', 'superhero']","['craigt.nelson', 'hollyhunter', 'samuell.jackson', 'jasonlee', 'dominiquelouis', 'teddynewton']",['bradbird']
187,The Nightmare Before Christmas,"['Fantasy', 'Animation', 'Family']",9479,17.730913,7.2638147138964575,"['holiday', 'fire', 'santa claus', 'magic', 'halloween', 'skeleton', 'musical', 'christmas tree', 'fall from height', 'woods', 'animation', 'pumpkin', 'jack o lantern', 'saving christmas', 'christmas']","['dannyelfman', 'chrissarandon', ""catherineo'hara"", 'williamhickey', 'glennshadix', 'paulreubens']",['henryselick']
188,Beauty and the Beast,"['Romance', 'Family', 'Animation', 'Fantasy', 'Music']",10020,23.433511,7.263136009240544,"['prince', 'book', 'castle', 'rose', 'musical', 'princess', 'animation', 'based on tv series', 'beast', 'belle']","[""paigeo'hara"", 'robbybenson', 'richardwhite', 'jerryorbach', 'davidogdenstiers', 'angelalansbury']",['garytrousdale']
189,Rogue One: A Star Wars Story,"['Action', 'Adventure', 'Science Fiction']",330459,36.567575,7.259899008115419,"['rebel', 'space battle', 'space travel', 'war', 'prequel', 'spaceship', 'space', 'alien', 'death star', 'jedi', 'rebellion', 'female protagonist', 'space western', 'gunfight', 'suicide mission', 'robot', 'spin off', 'laser gun', 'space opera', 'alien language', 'against the odds', 'blind man']","['felicityjones', 'diegoluna', 'benmendelsohn', 'donnieyen', 'madsmikkelsen', 'alantudyk']",['garethedwards']
190,Mulan,"['Animation', 'Family', 'Adventure']",10674,21.180857,7.257685295283393,"['homeland', 'musical', 'training', 'daughter', 'cricket', 'princess', 'dragon', 'luck']","['ming-nawen', 'leasalonga', 'eddiemurphy', 'bdwong', 'donnyosmond', 'miguelferrer']",['tonybancroft']
191,Big Fish,"['Adventure', 'Fantasy', 'Drama']",587,14.739982999999999,7.25425940752602,"['circus', 'father son relationship', 'witch', 'fish', 'fishing', ""love of one's life"", 'leech', 'story teller', 'apoplectic stroke', 'fair', 'mermaid', 'cancer', 'relationship', 'youth', 'gentle giant']","['ewanmcgregor', 'albertfinney', 'billycrudup', 'jessicalange', 'helenabonhamcarter', 'alisonlohman']",['timburton']
192,Birdman,"['Drama', 'Comedy']",194662,18.193263,7.247405224906699,"['times square', 'superhero', 'long take', 'new york city', 'play', 'broadway', 'actor']","['michaelkeaton', 'emmastone', 'zachgalifianakis', 'naomiwatts', 'edwardnorton', 'kennychin']",['alejandrogonzáleziñárritu']
193,American Sniper,"['War', 'Action']",190859,19.228561,7.245677393722686,"['sniper', 'biography', 'iraq', 'navy seal', 'u.s. soldier']","['bradleycooper', 'siennamiller', 'kylegallner', 'colekonis', 'benreed', 'eliserobertson']",['clinteastwood']
194,Star Trek,"['Science Fiction', 'Action', 'Adventure']",13475,15.362632000000001,7.244876198083067,"['spacecraft', 'teleportation', 'space mission', 'parachute', 'time travel', 'black hole', 'supernova', 'prequel', 'warp speed', 'futuristic', 'warp engine', 'romulans', 'outer space', 'vulcan', 'alternate reality', 'space opera', 'reboot']","['chrispine', 'zacharyquinto', 'leonardnimoy', 'ericbana', 'brucegreenwood', 'karlurban']",['j.j.abrams']
195,Star Trek Into Darkness,"['Action', 'Adventure', 'Science Fiction']",54138,15.78129,7.241876653775697,"['spacecraft', 'friendship', 'sequel', 'futuristic', 'space', 'alien', 'imax', 'space opera', 'terrorist bombing', '3d']","['chrispine', 'zacharyquinto', 'zoesaldana', 'karlurban', 'simonpegg', 'johncho']",['j.j.abrams']
196,Dunkirk,"['Action', 'Drama', 'History', 'Thriller', 'War']",374720,30.938854,7.239268912905277,"['france', 'beach', 'world war ii', 'evacuation', 'german', 'pilot', 'british army', 'royal navy', 'royal air force', 'private', 'allied forces', 'dunkirk']","['fionnwhitehead', 'tomglynn-carney', 'jacklowden', 'harrystyles', 'aneurinbarnard', ""jamesd'arcy""]",['christophernolan']
197,Mommy,['Drama'],265177,14.876085999999999,7.237619863013698,"['quebec', 'dysfunctional family', 'single mother', 'mother son relationship', 'behavioral disorders']","['annedorval', 'suzanneclément', 'antoine-olivierpilon', 'patrickhuard', 'alexandregoyette', 'michèlelituac']",['xavierdolan']
198,Mulholland Drive,"['Thriller', 'Drama', 'Mystery']",1018,18.184055999999998,7.235079446437724,"['schizophrenia', 'identity', 'amnesia', 'loss of sense of reality', 'suppressed past', 'trauma', 'key', 'bisexuality', 'hallucination', 'surreal', 'job interview', 'casting', 'suspense', 'independent film', 'lesbian', 'los angeles']","['naomiwatts', 'lauraharring', 'annmiller', 'danhedaya', 'justintheroux', 'brentbriscoe']",['davidlynch']
199,The Terminator,"['Action', 'Thriller', 'Science Fiction']",218,19.293561999999998,7.232645411460577,"['saving the world', 'artificial intelligence', 'rebel', 'cyborg', 'shotgun', 'killer robot', 'sun glasses', 'dystopia', 'car chase', 'laser gun', 'urban setting', 'future war']","['arnoldschwarzenegger', 'michaelbiehn', 'lindahamilton', 'paulwinfield', 'lancehenriksen', 'bessmotta']",['jamescameron']
